<?xml version="1.0" encoding="UTF-8"?><CodeSystem xmlns="http://hl7.org/fhir"><id value="dk-marital-status"/><text><status value="generated"/><div xmlns="http://www.w3.org/1999/xhtml"><p>This code system http://hl7.dk/fhir/core/CodeSystem/dk-marital-status defines the following codes:</p><table class="codes"><tr><td style="white-space:nowrap"><b>Code</b></td><td><b>Display</b></td></tr><tr><td style="white-space:nowrap">P<a name="dk-marital-status-P"> </a></td><td>Registered partnership</td></tr><tr><td style="white-space:nowrap">O<a name="dk-marital-status-O"> </a></td><td>Dissolved partnership</td></tr></table><p><b>Additional Language Displays</b></p><table class="codes"><tr><td><b>Code</b></td><td><b>Dansk (Danish, da)</b></td></tr><tr><td>P</td><td>Registreret partnerskab</td></tr><tr><td>O</td><td>Ophævet partnerskab</td></tr></table></div></text><url value="http://hl7.dk/fhir/core/CodeSystem/dk-marital-status"/><version value="0.9.0"/><status value="active"/><experimental value="false"/><date value="2019-01-29T00:00:00+00:00"/><publisher value="HL7 Denmark"/><contact><name value="HL7 Denmark"/><telecom><system value="url"/><value value="https://www.hl7.dk/"/></telecom></contact><description value="DK marital statuses"/><jurisdiction><coding><system value="urn:iso:std:iso:3166"/><code value="DK"/></coding></jurisdiction><copyright value="CC-BY-SA-4.0"/><content value="complete"/><concept><code value="P"/><display value="Registered partnership"/><designation><language value="da-DK"/><value value="Registreret partnerskab"/></designation></concept><concept><code value="O"/><display value="Dissolved partnership"/><designation><language value="da-DK"/><value value="Oph&#xE6;vet partnerskab"/></designation></concept></CodeSystem>