<?xml version="1.0" encoding="UTF-8"?><ImplementationGuide xmlns="http://hl7.org/fhir"><id value="dk.fhir.ig.dk-core"/><text><status value="extensions"/><div xmlns="http://www.w3.org/1999/xhtml"><h2>DK_Core</h2><p>The official URL for this implementation guide is: </p><pre>http://hl7.dk/fhir/core/ImplementationGuide/dk.fhir.ig.dk-core</pre><div><p>A FHIR Implementation Guide for the Danish common needs across healthcare sectors</p>
</div></div></text><url value="http://hl7.dk/fhir/core/ImplementationGuide/dk.fhir.ig.dk-core"/><version value="0.9.0"/><name value="DK_Core"/><title value="HL7 FHIR Implementation Guide: DK Core"/><status value="draft"/><date value="2021-06-28T10:21:03+00:00"/><publisher value="HL7 Denmark"/><contact><name value="HL7 Denmark"/><telecom><system value="url"/><value value="http://www.hl7.dk"/></telecom><telecom><system value="email"/><value value="jenskristianvilladsen@gmail.com"/></telecom></contact><description value="A FHIR Implementation Guide for the Danish common needs across healthcare sectors"/><packageId value="dk.fhir.ig.dk-core"/><license value="CC0-1.0"/><fhirVersion value="4.0.1"/><definition><extension url="http://hl7.org/fhir/tools/StructureDefinition/ig-parameter"><extension url="code"><valueString value="copyrightyear"/></extension><extension url="value"><valueString value="2021+"/></extension></extension><extension url="http://hl7.org/fhir/tools/StructureDefinition/ig-parameter"><extension url="code"><valueString value="releaselabel"/></extension><extension url="value"><valueString value="ci-build"/></extension></extension><extension url="http://hl7.org/fhir/tools/StructureDefinition/ig-parameter"><extension url="code"><valueString value="path-liquid"/></extension><extension url="value"><valueString value="template/liquid"/></extension></extension><extension url="http://hl7.org/fhir/tools/StructureDefinition/ig-parameter"><extension url="code"><valueString value="path-liquid"/></extension><extension url="value"><valueString value="input/liquid"/></extension></extension><extension url="http://hl7.org/fhir/tools/StructureDefinition/ig-parameter"><extension url="code"><valueString value="path-qa"/></extension><extension url="value"><valueString value="temp/qa"/></extension></extension><extension url="http://hl7.org/fhir/tools/StructureDefinition/ig-parameter"><extension url="code"><valueString value="path-temp"/></extension><extension url="value"><valueString value="temp/pages"/></extension></extension><extension url="http://hl7.org/fhir/tools/StructureDefinition/ig-parameter"><extension url="code"><valueString value="path-output"/></extension><extension url="value"><valueString value="output"/></extension></extension><extension url="http://hl7.org/fhir/tools/StructureDefinition/ig-parameter"><extension url="code"><valueString value="path-suppressed-warnings"/></extension><extension url="value"><valueString value="input/ignoreWarnings.txt"/></extension></extension><extension url="http://hl7.org/fhir/tools/StructureDefinition/ig-parameter"><extension url="code"><valueString value="path-history"/></extension><extension url="value"><valueString value="http://hl7.dk/fhir/core/history.html"/></extension></extension><extension url="http://hl7.org/fhir/tools/StructureDefinition/ig-parameter"><extension url="code"><valueString value="template-html"/></extension><extension url="value"><valueString value="template-page.html"/></extension></extension><extension url="http://hl7.org/fhir/tools/StructureDefinition/ig-parameter"><extension url="code"><valueString value="template-md"/></extension><extension url="value"><valueString value="template-page-md.html"/></extension></extension><extension url="http://hl7.org/fhir/tools/StructureDefinition/ig-parameter"><extension url="code"><valueString value="apply-contact"/></extension><extension url="value"><valueString value="true"/></extension></extension><extension url="http://hl7.org/fhir/tools/StructureDefinition/ig-parameter"><extension url="code"><valueString value="apply-context"/></extension><extension url="value"><valueString value="true"/></extension></extension><extension url="http://hl7.org/fhir/tools/StructureDefinition/ig-parameter"><extension url="code"><valueString value="apply-copyright"/></extension><extension url="value"><valueString value="true"/></extension></extension><extension url="http://hl7.org/fhir/tools/StructureDefinition/ig-parameter"><extension url="code"><valueString value="apply-jurisdiction"/></extension><extension url="value"><valueString value="true"/></extension></extension><extension url="http://hl7.org/fhir/tools/StructureDefinition/ig-parameter"><extension url="code"><valueString value="apply-license"/></extension><extension url="value"><valueString value="true"/></extension></extension><extension url="http://hl7.org/fhir/tools/StructureDefinition/ig-parameter"><extension url="code"><valueString value="apply-publisher"/></extension><extension url="value"><valueString value="true"/></extension></extension><extension url="http://hl7.org/fhir/tools/StructureDefinition/ig-parameter"><extension url="code"><valueString value="apply-version"/></extension><extension url="value"><valueString value="true"/></extension></extension><extension url="http://hl7.org/fhir/tools/StructureDefinition/ig-parameter"><extension url="code"><valueString value="active-tables"/></extension><extension url="value"><valueString value="true"/></extension></extension><grouping id="-str-profile"><name value="Structures: Resource Profiles"/><description value="These define constraints on FHIR resources for systems conforming to this implementation guide"/></grouping><grouping id="-str-datatype"><name value="Structures: Data Type Profiles"/><description value="These define constraints on FHIR data types for systems conforming to this implementation guide"/></grouping><grouping id="-str-extension"><name value="Structures: Extension Definitions"/><description value="These define constraints on FHIR data types for systems conforming to this implementation guide"/></grouping><grouping id="-term-valueset"><name value="Terminology: Value Sets"/><description value="These define sets of codes used by systems conforming to this implementation guide"/></grouping><grouping id="-term-codesystem"><name value="Terminology: Code Systems"/><description value="These define new code systems used by systems conforming to this implementation guide"/></grouping><grouping id="-term-namingsystem"><name value="Terminology: Naming Systems"/><description value="These define identifier and/or code system identities used by systems conforming to this implementation guide"/></grouping><grouping id="-ex-example"><name value="Example: Example Instances"/><description value="These are example instances that show what data produced and consumed by systems conforming with this implementation guide might look like"/></grouping><resource><extension url="http://hl7.org/fhir/StructureDefinition/implementationguide-page"><valueUri value="StructureDefinition-dk-core-authorization-identifier.html"/></extension><reference><reference value="StructureDefinition/dk-core-authorization-identifier"/></reference><name value="AuthorizationIdentifier"/><exampleBoolean value="false"/><groupingId value="-str-datatype"/></resource><resource><extension url="http://hl7.org/fhir/StructureDefinition/implementationguide-page"><valueUri value="StructureDefinition-dk-core-cpr-identifier.html"/></extension><reference><reference value="StructureDefinition/dk-core-cpr-identifier"/></reference><name value="Danish Core Central Person Register Extension"/><description value="This structure holds the danish *Central Person Register* (CPR) identifier"/><exampleBoolean value="false"/><groupingId value="-str-datatype"/></resource><resource><extension url="http://hl7.org/fhir/StructureDefinition/implementationguide-page"><valueUri value="StructureDefinition-dk-core-patient.html"/></extension><reference><reference value="StructureDefinition/dk-core-patient"/></reference><name value="Danish Core Patient Profile"/><exampleBoolean value="false"/><groupingId value="-str-profile"/></resource><resource><extension url="http://hl7.org/fhir/StructureDefinition/implementationguide-page"><valueUri value="StructureDefinition-lpr3-Identifier.html"/></extension><reference><reference value="StructureDefinition/lpr3-Identifier"/></reference><name value="Lpr3Identifier"/><exampleBoolean value="false"/><groupingId value="-str-datatype"/></resource><resource><extension url="http://hl7.org/fhir/StructureDefinition/implementationguide-page"><valueUri value="StructureDefinition-dk-core-sor-identifier.html"/></extension><reference><reference value="StructureDefinition/dk-core-sor-identifier"/></reference><name value="SORIdentifier"/><exampleBoolean value="false"/><groupingId value="-str-datatype"/></resource><resource><extension url="http://hl7.org/fhir/StructureDefinition/implementationguide-page"><valueUri value="StructureDefinition-dk-core-municipalityCodes.html"/></extension><reference><reference value="StructureDefinition/dk-core-municipalityCodes"/></reference><name value="Danish Core Municipality codes"/><exampleBoolean value="false"/><groupingId value="-str-extension"/></resource><resource><extension url="http://hl7.org/fhir/StructureDefinition/implementationguide-page"><valueUri value="StructureDefinition-dk-core-RegionalSubDivisionCodes.html"/></extension><reference><reference value="StructureDefinition/dk-core-RegionalSubDivisionCodes"/></reference><name value="Danish Core Regional Sub Division Codes Extension"/><exampleBoolean value="false"/><groupingId value="-str-extension"/></resource><resource><extension url="http://hl7.org/fhir/StructureDefinition/implementationguide-page"><valueUri value="ValueSet-dk-core-cpr-identifier-system.html"/></extension><reference><reference value="ValueSet/dk-core-cpr-identifier-system"/></reference><name value="CPR Identifier"/><description value="This value set defines the set of codes that can be used to identify the danish CPR system."/><exampleBoolean value="false"/><groupingId value="-term-valueset"/></resource><resource><extension url="http://hl7.org/fhir/StructureDefinition/implementationguide-page"><valueUri value="ValueSet-dk-core-MunicipalityCodes.html"/></extension><reference><reference value="ValueSet/dk-core-MunicipalityCodes"/></reference><name value="MunicipalityCodes"/><description value="Municipality codes used in Denmark"/><exampleBoolean value="false"/><groupingId value="-term-valueset"/></resource><resource><extension url="http://hl7.org/fhir/StructureDefinition/implementationguide-page"><valueUri value="ValueSet-dk-core-RegionalSubDivisionCodes.html"/></extension><reference><reference value="ValueSet/dk-core-RegionalSubDivisionCodes"/></reference><name value="RegionalSubdivisionCodes"/><description value="Subdivision codes (Regional codes) used in Denmark"/><exampleBoolean value="false"/><groupingId value="-term-valueset"/></resource><resource><extension url="http://hl7.org/fhir/StructureDefinition/implementationguide-page"><valueUri value="CodeSystem-dk-core-cpr-identifier-system.html"/></extension><reference><reference value="CodeSystem/dk-core-cpr-identifier-system"/></reference><name value="DkCoreCprIdentifierSystem"/><description value="Official CPR CodeSystem"/><exampleBoolean value="false"/><groupingId value="-term-codesystem"/></resource><resource><extension url="http://hl7.org/fhir/StructureDefinition/implementationguide-page"><valueUri value="Patient-283.html"/></extension><reference><reference value="Patient/283"/></reference><name value="Example of valid patient with full address"/><description value="Example of valid patient with full address"/><exampleCanonical value="http://hl7.dk/fhir/core/StructureDefinition/dk-core-patient"/><groupingId value="-ex-example"/></resource><resource><extension url="http://hl7.org/fhir/StructureDefinition/implementationguide-page"><valueUri value="CodeSystem-administrative-gender-supplement.html"/></extension><reference><reference value="CodeSystem/administrative-gender-supplement"/></reference><name value="administrative-gender-supplement"/><description value="CodeSystem supplement with danish translations for administrative gender"/><exampleBoolean value="false"/><groupingId value="-term-codesystem"/></resource><resource><extension url="http://hl7.org/fhir/StructureDefinition/implementationguide-page"><valueUri value="Patient-bubber.html"/></extension><reference><reference value="Patient/bubber"/></reference><name value="Example of valid patient with multiple names"/><description value="Example of valid patient with multiple names"/><exampleCanonical value="http://hl7.dk/fhir/core/StructureDefinition/dk-core-patient"/><groupingId value="-ex-example"/></resource><resource><extension url="http://hl7.org/fhir/StructureDefinition/implementationguide-page"><valueUri value="NamingSystem-cpr.html"/></extension><reference><reference value="NamingSystem/cpr"/></reference><name value="cpr"/><description value="The Danish civil registration system (&quot;CPR&quot;) encompasses basic personal data about anyone with a civil registration number. A civil registration number shall be allocated to anyone who: 1) is registered in the national register in Denmark on the grounds of birth or relocation from abroad; 2) is included under Arbejdsmarkedets Till&#xE6;gsPension (ATP); 3) according to the tax authorities, is required to have a civil registration number for the purpose of tax processing in Denmark."/><exampleBoolean value="false"/><groupingId value="-term-namingsystem"/></resource><resource><extension url="http://hl7.org/fhir/StructureDefinition/implementationguide-page"><valueUri value="CodeSystem-dk-core-municipality-codes.html"/></extension><reference><reference value="CodeSystem/dk-core-municipality-codes"/></reference><name value="dk-core-municipality-codes"/><description value="Municipality codes as defined by https://danmarksadresser.dk/adressedata/kodelister/kommunekodeliste/ and https://sundhedsdatastyrelsen.dk/-/media/sds/filer/rammer-og-retningslinjer/patientregistrering/relaterede/kommuneklassifikation.pdf"/><exampleBoolean value="false"/><groupingId value="-term-codesystem"/></resource><resource><extension url="http://hl7.org/fhir/StructureDefinition/implementationguide-page"><valueUri value="CodeSystem-dk-core-municipality-codes-greenland.html"/></extension><reference><reference value="CodeSystem/dk-core-municipality-codes-greenland"/></reference><name value="dk-core-municipality-codes-greenland"/><description value="Greenland municipality codes as defined by https://www.iso.org/obp/ui/#iso:code:3166:GL and https://cpr.dk/cpr-systemet/kommunesammenlaegninger-opdeling/groenland-2018/"/><exampleBoolean value="false"/><groupingId value="-term-codesystem"/></resource><resource><extension url="http://hl7.org/fhir/StructureDefinition/implementationguide-page"><valueUri value="CodeSystem-dk-core-regional-subdivision-codes.html"/></extension><reference><reference value="CodeSystem/dk-core-regional-subdivision-codes"/></reference><name value="dk-core-regional-subdivision-codes"/><description value="Subdivision codes (Regional codes) used in Denmark as found on https://www.iso.org/obp/ui/#iso:code:3166:DK"/><exampleBoolean value="false"/><groupingId value="-term-codesystem"/></resource><resource><extension url="http://hl7.org/fhir/StructureDefinition/implementationguide-page"><valueUri value="CodeSystem-dk-marital-status.html"/></extension><reference><reference value="CodeSystem/dk-marital-status"/></reference><name value="dk-marital-status-of-CodeSystem"/><description value="DK marital statuses"/><exampleBoolean value="false"/><groupingId value="-term-codesystem"/></resource><resource><extension url="http://hl7.org/fhir/StructureDefinition/implementationguide-page"><valueUri value="ValueSet-dk-marital-status.html"/></extension><reference><reference value="ValueSet/dk-marital-status"/></reference><name value="DK MaritalStatus"/><description value="This value set defines the set of codes that can be used to indicate the marital status of a person in Denmark."/><exampleBoolean value="false"/><groupingId value="-term-valueset"/></resource><resource><extension url="http://hl7.org/fhir/StructureDefinition/implementationguide-page"><valueUri value="Patient-mogensen.html"/></extension><reference><reference value="Patient/mogensen"/></reference><name value="Example of valid patient with danish marital status"/><description value="Example of valid patient with danish marital status"/><exampleCanonical value="http://hl7.dk/fhir/core/StructureDefinition/dk-core-patient"/><groupingId value="-ex-example"/></resource><resource><extension url="http://hl7.org/fhir/StructureDefinition/implementationguide-page"><valueUri value="NamingSystem-sor.html"/></extension><reference><reference value="NamingSystem/sor"/></reference><name value="sor"/><description value="SOR is provided by the Danish Health Data Authority under the Danish Ministry of Health. The register holds organizations within the Danish health sector, their geographical and virtual addresses as well as codes for their identification and for EDI-communication. Danish Health Data Authority is responsible for issuing and publishing codes to identify organizations across health care sectors and related public and private services. SOR includes organizational data on hospitals, the primary care sector (physiotherapists, general practitioners, dentists etc.) and municipal health service organizations as well as non-health care organizations that need to be able to receive data from the former."/><exampleBoolean value="false"/><groupingId value="-term-namingsystem"/></resource><resource><extension url="http://hl7.org/fhir/StructureDefinition/implementationguide-page"><valueUri value="Patient-ukendt.html"/></extension><reference><reference value="Patient/ukendt"/></reference><name value="Example of valid patient unknown identifier registry"/><description value="Example of valid patient unknown identifier registry. The patient is a &#39;John Doe&#39; with an Identifier from an unofficial register"/><exampleCanonical value="http://hl7.dk/fhir/core/StructureDefinition/dk-core-patient"/><groupingId value="-ex-example"/></resource><page><nameUrl value="toc.html"/><title value="Table of Contents"/><generation value="html"/><page><nameUrl value="index.html"/><title value="Home"/><generation value="markdown"/></page><page><nameUrl value="downloads.html"/><title value="Downloads"/><generation value="markdown"/></page><page><nameUrl value="extensions.html"/><title value="Extensions"/><generation value="html"/></page><page><nameUrl value="guidance.html"/><title value="Guidance"/><generation value="markdown"/></page><page><nameUrl value="profiles.html"/><title value="Profiles"/><generation value="html"/></page><page><nameUrl value="terminology.html"/><title value="Terminology"/><generation value="html"/></page><page><nameUrl value="artifacts.html"/><title value="Artifacts Summary"/><generation value="html"/><page><nameUrl value="StructureDefinition-dk-core-patient.html"/><title value="Danish Core Patient Profile"/><generation value="generated"/></page><page><nameUrl value="StructureDefinition-dk-core-authorization-identifier.html"/><title value="AuthorizationIdentifier"/><generation value="generated"/></page><page><nameUrl value="StructureDefinition-dk-core-cpr-identifier.html"/><title value="Danish Core Central Person Register Extension"/><generation value="generated"/></page><page><nameUrl value="StructureDefinition-lpr3-Identifier.html"/><title value="Lpr3Identifier"/><generation value="generated"/></page><page><nameUrl value="StructureDefinition-dk-core-sor-identifier.html"/><title value="SORIdentifier"/><generation value="generated"/></page><page><nameUrl value="StructureDefinition-dk-core-municipalityCodes.html"/><title value="Danish Core Municipality codes"/><generation value="generated"/></page><page><nameUrl value="StructureDefinition-dk-core-RegionalSubDivisionCodes.html"/><title value="Danish Core Regional Sub Division Codes Extension"/><generation value="generated"/></page><page><nameUrl value="ValueSet-dk-core-cpr-identifier-system.html"/><title value="CPR Identifier"/><generation value="generated"/></page><page><nameUrl value="ValueSet-dk-core-MunicipalityCodes.html"/><title value="MunicipalityCodes"/><generation value="generated"/></page><page><nameUrl value="ValueSet-dk-core-RegionalSubDivisionCodes.html"/><title value="RegionalSubdivisionCodes"/><generation value="generated"/></page><page><nameUrl value="ValueSet-dk-marital-status.html"/><title value="DK MaritalStatus"/><generation value="generated"/></page><page><nameUrl value="CodeSystem-dk-core-cpr-identifier-system.html"/><title value="DkCoreCprIdentifierSystem"/><generation value="generated"/></page><page><nameUrl value="CodeSystem-administrative-gender-supplement.html"/><title value="administrative-gender-supplement"/><generation value="generated"/></page><page><nameUrl value="CodeSystem-dk-core-municipality-codes.html"/><title value="dk-core-municipality-codes"/><generation value="generated"/></page><page><nameUrl value="CodeSystem-dk-core-municipality-codes-greenland.html"/><title value="dk-core-municipality-codes-greenland"/><generation value="generated"/></page><page><nameUrl value="CodeSystem-dk-core-regional-subdivision-codes.html"/><title value="dk-core-regional-subdivision-codes"/><generation value="generated"/></page><page><nameUrl value="CodeSystem-dk-marital-status.html"/><title value="dk-marital-status-of-CodeSystem"/><generation value="generated"/></page><page><nameUrl value="NamingSystem-cpr.html"/><title value="cpr"/><generation value="generated"/></page><page><nameUrl value="NamingSystem-sor.html"/><title value="sor"/><generation value="generated"/></page><page><nameUrl value="Patient-283.html"/><title value="Example of valid patient with full address"/><generation value="generated"/></page><page><nameUrl value="Patient-bubber.html"/><title value="Example of valid patient with multiple names"/><generation value="generated"/></page><page><nameUrl value="Patient-mogensen.html"/><title value="Example of valid patient with danish marital status"/><generation value="generated"/></page><page><nameUrl value="Patient-ukendt.html"/><title value="Example of valid patient unknown identifier registry"/><generation value="generated"/></page></page></page><parameter><code value="path-resource"/><value value="input/capabilities"/></parameter><parameter><code value="path-resource"/><value value="input/examples"/></parameter><parameter><code value="path-resource"/><value value="input/extensions"/></parameter><parameter><code value="path-resource"/><value value="input/models"/></parameter><parameter><code value="path-resource"/><value value="input/operations"/></parameter><parameter><code value="path-resource"/><value value="input/profiles"/></parameter><parameter><code value="path-resource"/><value value="input/resources"/></parameter><parameter><code value="path-resource"/><value value="input/vocabulary"/></parameter><parameter><code value="path-resource"/><value value="input/maps"/></parameter><parameter><code value="path-resource"/><value value="input/testing"/></parameter><parameter><code value="path-resource"/><value value="input/history"/></parameter><parameter><code value="path-resource"/><value value="fsh-generated/resources"/></parameter><parameter><code value="path-pages"/><value value="template/config"/></parameter><parameter><code value="path-pages"/><value value="input/images"/></parameter><parameter><code value="path-tx-cache"/><value value="input-cache/txcache"/></parameter></definition></ImplementationGuide>