<?xml version="1.0" encoding="UTF-8"?><ValueSet xmlns="http://hl7.org/fhir"><id value="dk-marital-status"/><text><status value="generated"/><div xmlns="http://www.w3.org/1999/xhtml"><p>This value set includes codes based on the following rules:</p><ul><li>Import all the codes that are contained in <a href="http://hl7.org/fhir/R4/valueset-marital-status.html">http://hl7.org/fhir/ValueSet/marital-status</a></li><li>Include these codes as defined in <code>http://hl7.dk/fhir/CodeSystem/dk-marital-status</code><table class="none"><tr><td style="white-space:nowrap"><b>Code</b></td><td><b>Display</b></td><td><b>Dansk (Danish, da)</b></td></tr><tr><td>P</td><td>Registered partnership</td><td>Registreret partnerskab</td></tr><tr><td>O</td><td>Dissolved partnership</td><td>Ophævet partnerskab</td></tr></table></li></ul></div></text><url value="http://hl7.dk/fhir/core/ValueSet/dk-marital-status"/><version value="0.1.0"/><name value="DK Marital Status Codes"/><title value="DK MaritalStatus"/><status value="active"/><experimental value="false"/><date value="2019-11-01T09:29:23+11:00"/><publisher value="HL7 Denmark"/><contact><name value="HL7 Denmark"/><telecom><system value="url"/><value value="https://www.hl7.dk/"/></telecom></contact><description value="This value set defines the set of codes that can be used to indicate the marital status of a person in Denmark."/><jurisdiction><coding><system value="urn:iso:std:iso:3166"/><code value="DK"/></coding></jurisdiction><copyright value="CC-BY-SA-4.0"/><compose><include><valueSet value="http://hl7.org/fhir/ValueSet/marital-status"/></include><include><system value="http://hl7.dk/fhir/CodeSystem/dk-marital-status"/><concept><code value="P"/><display value="Registered partnership"/><designation><language value="da-DK"/><value value="Registreret partnerskab"/></designation></concept><concept><code value="O"/><display value="Dissolved partnership"/><designation><language value="da-DK"/><value value="Oph&#xE6;vet partnerskab"/></designation></concept></include></compose></ValueSet>