<?xml version="1.0" encoding="UTF-8"?>

<CodeSystem xmlns="http://hl7.org/fhir">
  <id value="dk-core-cpr-identifier-system"/>
  <text>
    <status value="generated"/><div xmlns="http://www.w3.org/1999/xhtml"><p>This code system http://hl7.dk/fhir/core/CodeSystem/dk-core-cpr-identifier-system defines the following codes:</p><table class="codes"><tr><td style="white-space:nowrap"><b>Code</b></td></tr><tr><td style="white-space:nowrap">urn:oid:1.2.208.176.1.2<a name="dk-core-cpr-identifier-system-urn.58oid.581.462.46208.46176.461.462"> </a></td></tr></table></div>
  </text>
  <url value="http://hl7.dk/fhir/core/CodeSystem/dk-core-cpr-identifier-system"/>
  <version value="0.1.0"/>
  <name value="DkCoreCprIdentifierSystem"/>
  <status value="active"/>
  <experimental value="false"/>
  <date value="2019-01-29T00:00:00+00:00"/>
  <publisher value="HL7 Denmark"/>
  <contact>
    <name value="HL7 Denmark"/>
    <telecom>
      <system value="url"/>
      <value value="https://www.hl7.dk/"/>
    </telecom>
  </contact>
  <description value="Official CPR CodeSystem"/>
  <jurisdiction>
    <coding>
      <system value="urn:iso:std:iso:3166"/>
      <code value="DK"/>
    </coding>
  </jurisdiction>
  <copyright value="CC-BY-SA-4.0"/>
  <content value="complete"/>
  <count value="1"/>
  <concept>
    <code value="urn:oid:1.2.208.176.1.2"/>
  </concept>
</CodeSystem>