{"resourceType":"CodeSystem","id":"dk-core-cpr-identifier-system","text":{"status":"generated","div":"<div xmlns=\"http://www.w3.org/1999/xhtml\"><p>This code system http://hl7.dk/fhir/core/CodeSystem/dk-core-cpr-identifier-system defines the following codes:</p><table class=\"codes\"><tr><td style=\"white-space:nowrap\"><b>Code</b></td></tr><tr><td style=\"white-space:nowrap\">urn:oid:1.2.208.176.1.2<a name=\"dk-core-cpr-identifier-system-urn.58oid.581.462.46208.46176.461.462\"> </a></td></tr></table></div>"},"url":"http://hl7.dk/fhir/core/CodeSystem/dk-core-cpr-identifier-system","version":"0.1.0","name":"DkCoreCprIdentifierSystem","status":"active","experimental":false,"date":"2019-01-29T00:00:00+00:00","publisher":"ehealth.sundhed.dk","description":"Official CPR CodeSystem","content":"complete","count":1,"concept":[{"code":"urn:oid:1.2.208.176.1.2"}]}