{"resourceType":"CodeSystem","id":"dk-core-regional-subdivision-codes","text":{"status":"generated","div":"<div xmlns=\"http://www.w3.org/1999/xhtml\"><p>This code system http://hl7.dk/fhir/core/CodeSystem/dk-core-regional-subdivision-codes defines the following codes:</p><table class=\"codes\"><tr><td style=\"white-space:nowrap\"><b>Code</b></td><td><b>Display</b></td></tr><tr><td style=\"white-space:nowrap\">DK-84<a name=\"dk-core-regional-subdivision-codes-DK-84\"> </a></td><td>Capital Region of Denmark</td></tr><tr><td style=\"white-space:nowrap\">DK-82<a name=\"dk-core-regional-subdivision-codes-DK-82\"> </a></td><td>Central Denmark Region</td></tr><tr><td style=\"white-space:nowrap\">DK-81<a name=\"dk-core-regional-subdivision-codes-DK-81\"> </a></td><td>Nord Denmark Region</td></tr><tr><td style=\"white-space:nowrap\">DK-85<a name=\"dk-core-regional-subdivision-codes-DK-85\"> </a></td><td>Region Zealand</td></tr><tr><td style=\"white-space:nowrap\">DK-83<a name=\"dk-core-regional-subdivision-codes-DK-83\"> </a></td><td>Region of Southern Denmark</td></tr></table><p><b>Additional Language Displays</b></p><table class=\"codes\"><tr><td><b>Code</b></td><td><b>Dansk (Danish, da)</b></td></tr><tr><td>DK-84</td><td>Hovedstaden</td></tr><tr><td>DK-82</td><td>Midtjylland</td></tr><tr><td>DK-81</td><td>Nordjylland</td></tr><tr><td>DK-85</td><td>Sjælland</td></tr><tr><td>DK-83</td><td>Syddanmark</td></tr></table></div>"},"url":"http://hl7.dk/fhir/core/CodeSystem/dk-core-regional-subdivision-codes","version":"0.1.0","name":"Regional subdivision codes","status":"draft","experimental":true,"date":"2019-02-02T00:00:00+00:00","publisher":"ehealth.sundhed.dk","description":"Subdivision codes (Regional codes) used in Denmark as found on https://www.iso.org/obp/ui/#iso:code:3166:DK","content":"complete","concept":[{"code":"DK-84","display":"Capital Region of Denmark","designation":[{"language":"da","value":"Hovedstaden"}]},{"code":"DK-82","display":"Central Denmark Region","designation":[{"language":"da","value":"Midtjylland"}]},{"code":"DK-81","display":"Nord Denmark Region","designation":[{"language":"da","value":"Nordjylland"}]},{"code":"DK-85","display":"Region Zealand","designation":[{"language":"da","value":"Sjælland"}]},{"code":"DK-83","display":"Region of Southern Denmark","designation":[{"language":"da","value":"Syddanmark"}]}]}