{"resourceType":"ImplementationGuide","id":"dk.fhir.ig.dk-core","text":{"status":"extensions","div":"<div xmlns=\"http://www.w3.org/1999/xhtml\"><h2>DK_Core</h2><p>The official URL for this implementation guide is: </p><pre>http://hl7.dk/fhir/core/ImplementationGuide/dk.fhir.ig.dk-core</pre><div><p>A FHIR Implementation Guide for the Danish common needs across healthcare sectors</p>\n</div></div>"},"url":"http://hl7.dk/fhir/core/ImplementationGuide/dk.fhir.ig.dk-core","version":"0.9.0","name":"DK_Core","title":"HL7 FHIR Implementation Guide: DK Core","status":"draft","date":"2021-06-08T08:36:09+00:00","publisher":"HL7 Denmark","contact":[{"name":"HL7 Denmark","telecom":[{"system":"url","value":"http://www.hl7.dk"},{"system":"email","value":"jenskristianvilladsen@gmail.com"}]}],"description":"A FHIR Implementation Guide for the Danish common needs across healthcare sectors","packageId":"dk.fhir.ig.dk-core","license":"CC0-1.0","fhirVersion":["4.0.1"],"definition":{"extension":[{"extension":[{"url":"code","valueString":"copyrightyear"},{"url":"value","valueString":"2021+"}],"url":"http://hl7.org/fhir/tools/StructureDefinition/ig-parameter"},{"extension":[{"url":"code","valueString":"releaselabel"},{"url":"value","valueString":"ci-build"}],"url":"http://hl7.org/fhir/tools/StructureDefinition/ig-parameter"},{"extension":[{"url":"code","valueString":"path-liquid"},{"url":"value","valueString":"template/liquid"}],"url":"http://hl7.org/fhir/tools/StructureDefinition/ig-parameter"},{"extension":[{"url":"code","valueString":"path-liquid"},{"url":"value","valueString":"input/liquid"}],"url":"http://hl7.org/fhir/tools/StructureDefinition/ig-parameter"},{"extension":[{"url":"code","valueString":"path-qa"},{"url":"value","valueString":"temp/qa"}],"url":"http://hl7.org/fhir/tools/StructureDefinition/ig-parameter"},{"extension":[{"url":"code","valueString":"path-temp"},{"url":"value","valueString":"temp/pages"}],"url":"http://hl7.org/fhir/tools/StructureDefinition/ig-parameter"},{"extension":[{"url":"code","valueString":"path-output"},{"url":"value","valueString":"output"}],"url":"http://hl7.org/fhir/tools/StructureDefinition/ig-parameter"},{"extension":[{"url":"code","valueString":"path-suppressed-warnings"},{"url":"value","valueString":"input/ignoreWarnings.txt"}],"url":"http://hl7.org/fhir/tools/StructureDefinition/ig-parameter"},{"extension":[{"url":"code","valueString":"path-history"},{"url":"value","valueString":"http://hl7.dk/fhir/core/history.html"}],"url":"http://hl7.org/fhir/tools/StructureDefinition/ig-parameter"},{"extension":[{"url":"code","valueString":"template-html"},{"url":"value","valueString":"template-page.html"}],"url":"http://hl7.org/fhir/tools/StructureDefinition/ig-parameter"},{"extension":[{"url":"code","valueString":"template-md"},{"url":"value","valueString":"template-page-md.html"}],"url":"http://hl7.org/fhir/tools/StructureDefinition/ig-parameter"},{"extension":[{"url":"code","valueString":"apply-contact"},{"url":"value","valueString":"true"}],"url":"http://hl7.org/fhir/tools/StructureDefinition/ig-parameter"},{"extension":[{"url":"code","valueString":"apply-context"},{"url":"value","valueString":"true"}],"url":"http://hl7.org/fhir/tools/StructureDefinition/ig-parameter"},{"extension":[{"url":"code","valueString":"apply-copyright"},{"url":"value","valueString":"true"}],"url":"http://hl7.org/fhir/tools/StructureDefinition/ig-parameter"},{"extension":[{"url":"code","valueString":"apply-jurisdiction"},{"url":"value","valueString":"true"}],"url":"http://hl7.org/fhir/tools/StructureDefinition/ig-parameter"},{"extension":[{"url":"code","valueString":"apply-license"},{"url":"value","valueString":"true"}],"url":"http://hl7.org/fhir/tools/StructureDefinition/ig-parameter"},{"extension":[{"url":"code","valueString":"apply-publisher"},{"url":"value","valueString":"true"}],"url":"http://hl7.org/fhir/tools/StructureDefinition/ig-parameter"},{"extension":[{"url":"code","valueString":"apply-version"},{"url":"value","valueString":"true"}],"url":"http://hl7.org/fhir/tools/StructureDefinition/ig-parameter"},{"extension":[{"url":"code","valueString":"active-tables"},{"url":"value","valueString":"true"}],"url":"http://hl7.org/fhir/tools/StructureDefinition/ig-parameter"}],"grouping":[{"id":"-str-profile","name":"Structures: Resource Profiles","description":"These define constraints on FHIR resources for systems conforming to this implementation guide"},{"id":"-str-datatype","name":"Structures: Data Type Profiles","description":"These define constraints on FHIR data types for systems conforming to this implementation guide"},{"id":"-str-extension","name":"Structures: Extension Definitions","description":"These define constraints on FHIR data types for systems conforming to this implementation guide"},{"id":"-term-valueset","name":"Terminology: Value Sets","description":"These define sets of codes used by systems conforming to this implementation guide"},{"id":"-term-codesystem","name":"Terminology: Code Systems","description":"These define new code systems used by systems conforming to this implementation guide"},{"id":"-term-namingsystem","name":"Terminology: Naming Systems","description":"These define identifier and/or code system identities used by systems conforming to this implementation guide"},{"id":"-ex-example","name":"Example: Example Instances","description":"These are example instances that show what data produced and consumed by systems conforming with this implementation guide might look like"}],"resource":[{"extension":[{"url":"http://hl7.org/fhir/StructureDefinition/implementationguide-page","valueUri":"StructureDefinition-dk-core-authorization-identifier.html"}],"reference":{"reference":"StructureDefinition/dk-core-authorization-identifier"},"name":"AuthorizationIdentifier","exampleBoolean":false,"groupingId":"-str-datatype"},{"extension":[{"url":"http://hl7.org/fhir/StructureDefinition/implementationguide-page","valueUri":"StructureDefinition-dk-core-cpr-identifier.html"}],"reference":{"reference":"StructureDefinition/dk-core-cpr-identifier"},"name":"Danish Core Central Person Register Extension","description":"This structure holds the danish *Central Person Register* (CPR) identifier","exampleBoolean":false,"groupingId":"-str-datatype"},{"extension":[{"url":"http://hl7.org/fhir/StructureDefinition/implementationguide-page","valueUri":"StructureDefinition-dk-core-patient.html"}],"reference":{"reference":"StructureDefinition/dk-core-patient"},"name":"Danish Core Patient Profile","exampleBoolean":false,"groupingId":"-str-profile"},{"extension":[{"url":"http://hl7.org/fhir/StructureDefinition/implementationguide-page","valueUri":"StructureDefinition-lpr3-Identifier.html"}],"reference":{"reference":"StructureDefinition/lpr3-Identifier"},"name":"Lpr3Identifier","exampleBoolean":false,"groupingId":"-str-datatype"},{"extension":[{"url":"http://hl7.org/fhir/StructureDefinition/implementationguide-page","valueUri":"StructureDefinition-dk-core-sor-identifier.html"}],"reference":{"reference":"StructureDefinition/dk-core-sor-identifier"},"name":"SORIdentifier","exampleBoolean":false,"groupingId":"-str-datatype"},{"extension":[{"url":"http://hl7.org/fhir/StructureDefinition/implementationguide-page","valueUri":"StructureDefinition-dk-core-municipalityCodes.html"}],"reference":{"reference":"StructureDefinition/dk-core-municipalityCodes"},"name":"Danish Core Municipality codes","exampleBoolean":false,"groupingId":"-str-extension"},{"extension":[{"url":"http://hl7.org/fhir/StructureDefinition/implementationguide-page","valueUri":"StructureDefinition-dk-core-RegionalSubDivisionCodes.html"}],"reference":{"reference":"StructureDefinition/dk-core-RegionalSubDivisionCodes"},"name":"Danish Core Regional Sub Division Codes Extension","exampleBoolean":false,"groupingId":"-str-extension"},{"extension":[{"url":"http://hl7.org/fhir/StructureDefinition/implementationguide-page","valueUri":"ValueSet-dk-core-cpr-identifier-system.html"}],"reference":{"reference":"ValueSet/dk-core-cpr-identifier-system"},"name":"CPR Identifier","description":"This value set defines the set of codes that can be used to identify the danish CPR system.","exampleBoolean":false,"groupingId":"-term-valueset"},{"extension":[{"url":"http://hl7.org/fhir/StructureDefinition/implementationguide-page","valueUri":"ValueSet-dk-core-MunicipalityCodes.html"}],"reference":{"reference":"ValueSet/dk-core-MunicipalityCodes"},"name":"MunicipalityCodes","description":"Municipality codes used in Denmark","exampleBoolean":false,"groupingId":"-term-valueset"},{"extension":[{"url":"http://hl7.org/fhir/StructureDefinition/implementationguide-page","valueUri":"ValueSet-dk-core-RegionalSubDivisionCodes.html"}],"reference":{"reference":"ValueSet/dk-core-RegionalSubDivisionCodes"},"name":"RegionalSubdivisionCodes","description":"Subdivision codes (Regional codes) used in Denmark","exampleBoolean":false,"groupingId":"-term-valueset"},{"extension":[{"url":"http://hl7.org/fhir/StructureDefinition/implementationguide-page","valueUri":"CodeSystem-dk-core-cpr-identifier-system.html"}],"reference":{"reference":"CodeSystem/dk-core-cpr-identifier-system"},"name":"DkCoreCprIdentifierSystem","description":"Official CPR CodeSystem","exampleBoolean":false,"groupingId":"-term-codesystem"},{"extension":[{"url":"http://hl7.org/fhir/StructureDefinition/implementationguide-page","valueUri":"Patient-283.html"}],"reference":{"reference":"Patient/283"},"name":"Example of valid patient with full address","description":"Example of valid patient with full address","exampleCanonical":"http://hl7.dk/fhir/core/StructureDefinition/dk-core-patient","groupingId":"-ex-example"},{"extension":[{"url":"http://hl7.org/fhir/StructureDefinition/implementationguide-page","valueUri":"CodeSystem-administrative-gender-supplement.html"}],"reference":{"reference":"CodeSystem/administrative-gender-supplement"},"name":"administrative-gender-supplement","description":"CodeSystem supplement with danish translations for administrative gender","exampleBoolean":false,"groupingId":"-term-codesystem"},{"extension":[{"url":"http://hl7.org/fhir/StructureDefinition/implementationguide-page","valueUri":"Patient-bubber.html"}],"reference":{"reference":"Patient/bubber"},"name":"Example of valid patient with multiple names","description":"Example of valid patient with multiple names","exampleCanonical":"http://hl7.dk/fhir/core/StructureDefinition/dk-core-patient","groupingId":"-ex-example"},{"extension":[{"url":"http://hl7.org/fhir/StructureDefinition/implementationguide-page","valueUri":"NamingSystem-cpr.html"}],"reference":{"reference":"NamingSystem/cpr"},"name":"cpr","description":"The Danish civil registration system (\"CPR\") encompasses basic personal data about anyone with a civil registration number. A civil registration number shall be allocated to anyone who: 1) is registered in the national register in Denmark on the grounds of birth or relocation from abroad; 2) is included under Arbejdsmarkedets TillægsPension (ATP); 3) according to the tax authorities, is required to have a civil registration number for the purpose of tax processing in Denmark.","exampleBoolean":false,"groupingId":"-term-namingsystem"},{"extension":[{"url":"http://hl7.org/fhir/StructureDefinition/implementationguide-page","valueUri":"CodeSystem-dk-core-municipality-codes.html"}],"reference":{"reference":"CodeSystem/dk-core-municipality-codes"},"name":"dk-core-municipality-codes","description":"Municipality codes as defined by https://danmarksadresser.dk/adressedata/kodelister/kommunekodeliste/ and https://sundhedsdatastyrelsen.dk/-/media/sds/filer/rammer-og-retningslinjer/patientregistrering/relaterede/kommuneklassifikation.pdf","exampleBoolean":false,"groupingId":"-term-codesystem"},{"extension":[{"url":"http://hl7.org/fhir/StructureDefinition/implementationguide-page","valueUri":"CodeSystem-dk-core-municipality-codes-greenland.html"}],"reference":{"reference":"CodeSystem/dk-core-municipality-codes-greenland"},"name":"dk-core-municipality-codes-greenland","description":"Greenland municipality codes as defined by https://www.iso.org/obp/ui/#iso:code:3166:GL and https://cpr.dk/cpr-systemet/kommunesammenlaegninger-opdeling/groenland-2018/","exampleBoolean":false,"groupingId":"-term-codesystem"},{"extension":[{"url":"http://hl7.org/fhir/StructureDefinition/implementationguide-page","valueUri":"CodeSystem-dk-core-regional-subdivision-codes.html"}],"reference":{"reference":"CodeSystem/dk-core-regional-subdivision-codes"},"name":"dk-core-regional-subdivision-codes","description":"Subdivision codes (Regional codes) used in Denmark as found on https://www.iso.org/obp/ui/#iso:code:3166:DK","exampleBoolean":false,"groupingId":"-term-codesystem"},{"extension":[{"url":"http://hl7.org/fhir/StructureDefinition/implementationguide-page","valueUri":"CodeSystem-dk-marital-status.html"}],"reference":{"reference":"CodeSystem/dk-marital-status"},"name":"dk-marital-status-of-CodeSystem","description":"DK marital statuses","exampleBoolean":false,"groupingId":"-term-codesystem"},{"extension":[{"url":"http://hl7.org/fhir/StructureDefinition/implementationguide-page","valueUri":"ValueSet-dk-marital-status.html"}],"reference":{"reference":"ValueSet/dk-marital-status"},"name":"DK MaritalStatus","description":"This value set defines the set of codes that can be used to indicate the marital status of a person in Denmark.","exampleBoolean":false,"groupingId":"-term-valueset"},{"extension":[{"url":"http://hl7.org/fhir/StructureDefinition/implementationguide-page","valueUri":"Patient-mogensen.html"}],"reference":{"reference":"Patient/mogensen"},"name":"Example of valid patient with danish marital status","description":"Example of valid patient with danish marital status","exampleCanonical":"http://hl7.dk/fhir/core/StructureDefinition/dk-core-patient","groupingId":"-ex-example"},{"extension":[{"url":"http://hl7.org/fhir/StructureDefinition/implementationguide-page","valueUri":"NamingSystem-sor.html"}],"reference":{"reference":"NamingSystem/sor"},"name":"sor","description":"SOR is provided by the Danish Health Data Authority under the Danish Ministry of Health. The register holds organizations within the Danish health sector, their geographical and virtual addresses as well as codes for their identification and for EDI-communication. Danish Health Data Authority is responsible for issuing and publishing codes to identify organizations across health care sectors and related public and private services. SOR includes organizational data on hospitals, the primary care sector (physiotherapists, general practitioners, dentists etc.) and municipal health service organizations as well as non-health care organizations that need to be able to receive data from the former.","exampleBoolean":false,"groupingId":"-term-namingsystem"},{"extension":[{"url":"http://hl7.org/fhir/StructureDefinition/implementationguide-page","valueUri":"Patient-ukendt.html"}],"reference":{"reference":"Patient/ukendt"},"name":"Example of valid patient unknown identifier registry","description":"Example of valid patient unknown identifier registry. The patient is a 'John Doe' with an Identifier from an unofficial register","exampleCanonical":"http://hl7.dk/fhir/core/StructureDefinition/dk-core-patient","groupingId":"-ex-example"}],"page":{"nameUrl":"toc.html","title":"Table of Contents","generation":"html","page":[{"nameUrl":"index.html","title":"Home","generation":"markdown"},{"nameUrl":"downloads.html","title":"Downloads","generation":"markdown"},{"nameUrl":"extensions.html","title":"Extensions","generation":"html"},{"nameUrl":"guidance.html","title":"Guidance","generation":"markdown"},{"nameUrl":"profiles.html","title":"Profiles","generation":"html"},{"nameUrl":"terminology.html","title":"Terminology","generation":"html"},{"nameUrl":"artifacts.html","title":"Artifacts Summary","generation":"html","page":[{"nameUrl":"StructureDefinition-dk-core-patient.html","title":"Danish Core Patient Profile","generation":"generated"},{"nameUrl":"StructureDefinition-dk-core-authorization-identifier.html","title":"AuthorizationIdentifier","generation":"generated"},{"nameUrl":"StructureDefinition-dk-core-cpr-identifier.html","title":"Danish Core Central Person Register Extension","generation":"generated"},{"nameUrl":"StructureDefinition-lpr3-Identifier.html","title":"Lpr3Identifier","generation":"generated"},{"nameUrl":"StructureDefinition-dk-core-sor-identifier.html","title":"SORIdentifier","generation":"generated"},{"nameUrl":"StructureDefinition-dk-core-municipalityCodes.html","title":"Danish Core Municipality codes","generation":"generated"},{"nameUrl":"StructureDefinition-dk-core-RegionalSubDivisionCodes.html","title":"Danish Core Regional Sub Division Codes Extension","generation":"generated"},{"nameUrl":"ValueSet-dk-core-cpr-identifier-system.html","title":"CPR Identifier","generation":"generated"},{"nameUrl":"ValueSet-dk-core-MunicipalityCodes.html","title":"MunicipalityCodes","generation":"generated"},{"nameUrl":"ValueSet-dk-core-RegionalSubDivisionCodes.html","title":"RegionalSubdivisionCodes","generation":"generated"},{"nameUrl":"ValueSet-dk-marital-status.html","title":"DK MaritalStatus","generation":"generated"},{"nameUrl":"CodeSystem-dk-core-cpr-identifier-system.html","title":"DkCoreCprIdentifierSystem","generation":"generated"},{"nameUrl":"CodeSystem-administrative-gender-supplement.html","title":"administrative-gender-supplement","generation":"generated"},{"nameUrl":"CodeSystem-dk-core-municipality-codes.html","title":"dk-core-municipality-codes","generation":"generated"},{"nameUrl":"CodeSystem-dk-core-municipality-codes-greenland.html","title":"dk-core-municipality-codes-greenland","generation":"generated"},{"nameUrl":"CodeSystem-dk-core-regional-subdivision-codes.html","title":"dk-core-regional-subdivision-codes","generation":"generated"},{"nameUrl":"CodeSystem-dk-marital-status.html","title":"dk-marital-status-of-CodeSystem","generation":"generated"},{"nameUrl":"NamingSystem-cpr.html","title":"cpr","generation":"generated"},{"nameUrl":"NamingSystem-sor.html","title":"sor","generation":"generated"},{"nameUrl":"Patient-283.html","title":"Example of valid patient with full address","generation":"generated"},{"nameUrl":"Patient-bubber.html","title":"Example of valid patient with multiple names","generation":"generated"},{"nameUrl":"Patient-mogensen.html","title":"Example of valid patient with danish marital status","generation":"generated"},{"nameUrl":"Patient-ukendt.html","title":"Example of valid patient unknown identifier registry","generation":"generated"}]}]},"parameter":[{"code":"path-resource","value":"input/capabilities"},{"code":"path-resource","value":"input/examples"},{"code":"path-resource","value":"input/extensions"},{"code":"path-resource","value":"input/models"},{"code":"path-resource","value":"input/operations"},{"code":"path-resource","value":"input/profiles"},{"code":"path-resource","value":"input/resources"},{"code":"path-resource","value":"input/vocabulary"},{"code":"path-resource","value":"input/maps"},{"code":"path-resource","value":"input/testing"},{"code":"path-resource","value":"input/history"},{"code":"path-resource","value":"fsh-generated/resources"},{"code":"path-pages","value":"template/config"},{"code":"path-pages","value":"input/images"},{"code":"path-tx-cache","value":"input-cache/txcache"}]}}