{"resourceType":"ValueSet","id":"dk-core-MunicipalityCodes","text":{"status":"generated","div":"<div xmlns=\"http://www.w3.org/1999/xhtml\"><p>This value set includes codes based on the following rules:</p><ul><li>Include all codes defined in <a href=\"CodeSystem-dk-core-municipality-codes.html\"><code>http://hl7.dk/fhir/core/CodeSystem/dk-core-municipality-codes</code></a></li><li>Include all codes defined in <a href=\"CodeSystem-dk-core-municipality-codes-greenland.html\"><code>http://hl7.dk/fhir/core/CodeSystem/dk-core-municipality-codes-greenland</code></a></li></ul></div>"},"url":"http://hl7.dk/fhir/core/ValueSet/dk-core-MunicipalityCodes","version":"0.1.0","name":"MunicipalityCodes","status":"draft","experimental":true,"date":"2019-02-02T00:00:00+00:00","publisher":"ehealth.sundhed.dk","description":"Municipality codes used in Denmark","compose":{"include":[{"system":"http://hl7.dk/fhir/core/CodeSystem/dk-core-municipality-codes"},{"system":"http://hl7.dk/fhir/core/CodeSystem/dk-core-municipality-codes-greenland"}]}}