{"resourceType":"ValueSet","id":"dk-marital-status","text":{"status":"generated","div":"<div xmlns=\"http://www.w3.org/1999/xhtml\"><p>This value set includes codes based on the following rules:</p><ul><li>Import all the codes that are contained in <a href=\"http://hl7.org/fhir/R4/valueset-marital-status.html\">http://hl7.org/fhir/ValueSet/marital-status</a></li><li>Include these codes as defined in <code>http://hl7.dk/fhir/CodeSystem/dk-marital-status</code><table class=\"none\"><tr><td style=\"white-space:nowrap\"><b>Code</b></td><td><b>Display</b></td><td><b>Dansk (Danish, da)</b></td></tr><tr><td>P</td><td>Registered partnership</td><td>Registreret partnerskab</td></tr><tr><td>O</td><td>Dissolved partnership</td><td>Ophævet partnerskab</td></tr></table></li></ul></div>"},"url":"http://hl7.dk/fhir/core/ValueSet/dk-marital-status","version":"0.9.0","name":"DK Marital Status Codes","title":"DK MaritalStatus","status":"active","experimental":false,"date":"2019-11-01T09:29:23+11:00","publisher":"HL7 Denmark","contact":[{"name":"HL7 Denmark","telecom":[{"system":"url","value":"https://www.hl7.dk/"}]}],"description":"This value set defines the set of codes that can be used to indicate the marital status of a person in Denmark.","jurisdiction":[{"coding":[{"system":"urn:iso:std:iso:3166","code":"DK"}]}],"copyright":"CC-BY-SA-4.0","compose":{"include":[{"valueSet":["http://hl7.org/fhir/ValueSet/marital-status"]},{"system":"http://hl7.dk/fhir/CodeSystem/dk-marital-status","concept":[{"code":"P","display":"Registered partnership","designation":[{"language":"da-DK","value":"Registreret partnerskab"}]},{"code":"O","display":"Dissolved partnership","designation":[{"language":"da-DK","value":"Ophævet partnerskab"}]}]}]}}