{"resourceType":"ValueSet","id":"dk-core-RegionalSubDivisionCodes","text":{"status":"generated","div":"<div xmlns=\"http://www.w3.org/1999/xhtml\"><ul><li>Include all codes defined in <a href=\"CodeSystem-dk-core-regional-subdivision-codes.html\"><code>http://hl7.dk/fhir/core/CodeSystem/dk-core-regional-subdivision-codes</code></a></li></ul></div>"},"url":"http://hl7.dk/fhir/core/ValueSet/dk-core-RegionalSubDivisionCodes","version":"0.1.0","name":"RegionalSubdivisionCodes","status":"draft","experimental":true,"date":"2019-02-02","publisher":"ehealth.sundhed.dk","description":"Subdivision codes (Regional codes) used in Denmark","jurisdiction":[{"coding":[{"system":"urn:iso:std:iso:3166-2:DK-2","code":"ISO"}]}],"compose":{"include":[{"system":"http://hl7.dk/fhir/core/CodeSystem/dk-core-regional-subdivision-codes"}]}}